Widget #,Factory 1,Factory 2,Factory 3,Factory 4
1,5.8352,6.89035,6.25314,7.33737
2,5.1977,6.79997,6.27275,5.03357
3,5.1776,6.909,6.40984,3.87094
4,7.0882,6.93394,6.27221,8.00277
5,6.4226,7.03119,6.37015,4.85046
6,6.4039,6.84059,6.09482,4.12194
7,8.0193,6.64616,6.26462,4.71249
8,6.8916,6.77604,6.21764,3.60415
9,6.7978,6.99546,6.14229,3.05974
10,8.1877,6.75278,6.3508,10.352
